{
 "seed": 20260711,
 "replicates": 10000,
 "rho_detected": 8.0,
 "note": "Post-hoc secondary diagnostics at frozen thresholds; primary locked analysis unchanged.",
 "families": {
  "sis": {
   "n_eval_pos": 1750,
   "detected_subset": {
    "n": 1731,
    "fraction": 0.9891428571428571
   },
   "all_positives.pi_resnet.eff@0.01": {
    "point": 0.8102857142857143,
    "ci": [
     0.7982857142857143,
     0.8228571428571428
    ]
   },
   "all_positives.pi_resnet.eff@0.001": {
    "point": 0.5354285714285715,
    "ci": [
     0.5097142857142857,
     0.5634285714285714
    ]
   },
   "all_positives.pi_resnet.eff@0.0001": {
    "point": 0.10171428571428572,
    "ci": [
     0.08685714285714285,
     0.11657142857142858
    ]
   },
   "all_positives.cqt_deit.eff@0.01": {
    "point": 0.6634285714285715,
    "ci": [
     0.6394285714285715,
     0.6868571428571428
    ]
   },
   "all_positives.cqt_deit.eff@0.001": {
    "point": 0.37714285714285717,
    "ci": [
     0.3588571428571429,
     0.3942857142857143
    ]
   },
   "all_positives.cqt_deit.eff@0.0001": {
    "point": 0.1417142857142857,
    "ci": [
     0.12914285714285714,
     0.15371428571428572
    ]
   },
   "all_positives.delta_eff@0.01": {
    "point": 0.14685714285714285,
    "ci": [
     0.12228571428571433,
     0.1685714285714286
    ]
   },
   "all_positives.delta_eff@0.001": {
    "point": 0.15828571428571428,
    "ci": [
     0.136,
     0.1811428571428571
    ]
   },
   "all_positives.delta_eff@0.0001": {
    "point": -0.04,
    "ci": [
     -0.06057142857142857,
     -0.01657142857142857
    ]
   },
   "detected_subset.pi_resnet.eff@0.01": {
    "point": 0.8180242634315424,
    "ci": [
     0.8082033506643559,
     0.8293948126801153
    ]
   },
   "detected_subset.pi_resnet.eff@0.001": {
    "point": 0.5413056036972848,
    "ci": [
     0.5165217391304348,
     0.5679723502304147
    ]
   },
   "detected_subset.pi_resnet.eff@0.0001": {
    "point": 0.10283073367995378,
    "ci": [
     0.08770917484131564,
     0.11795255876701578
    ]
   },
   "detected_subset.cqt_deit.eff@0.01": {
    "point": 0.6701328711727326,
    "ci": [
     0.6466165413533834,
     0.6937259832308419
    ]
   },
   "detected_subset.cqt_deit.eff@0.001": {
    "point": 0.38128249566724437,
    "ci": [
     0.36358381502890175,
     0.3980414746543779
    ]
   },
   "detected_subset.cqt_deit.eff@0.0001": {
    "point": 0.14326978625072212,
    "ci": [
     0.13101379864020674,
     0.15531177829099307
    ]
   },
   "detected_subset.delta_eff@0.01": {
    "point": 0.14789139225880993,
    "ci": [
     0.12304848383571948,
     0.17012687427912343
    ]
   },
   "detected_subset.delta_eff@0.001": {
    "point": 0.16002310803004044,
    "ci": [
     0.13781123335263457,
     0.18260368663594467
    ]
   },
   "detected_subset.delta_eff@0.0001": {
    "point": -0.040439052570768345,
    "ci": [
     -0.06113033448673587,
     -0.01675332177931832
    ]
   },
   "paired_block_accuracy_difference": {
    "point": 0.09014250614250614,
    "ci": [
     0.08663836285191116,
     0.09328981818648614
    ],
    "discordant_b_pi_only": 9666,
    "discordant_c_cqt_only": 494
   },
   "jackknife_delta_eff_1e3": {
    "values": [
     0.16380952380952382,
     0.16317460317460317,
     0.16126984126984126,
     0.1511111111111111,
     0.15428571428571428,
     0.16126984126984126,
     0.1580952380952381,
     0.15365079365079365,
     0.15746031746031747,
     0.15873015873015872
    ],
    "min": 0.1511111111111111,
    "max": 0.16380952380952382,
    "all_same_sign": true
   }
  },
  "pm": {
   "n_eval_pos": 1750,
   "detected_subset": {
    "n": 1708,
    "fraction": 0.976
   },
   "all_positives.pi_resnet.eff@0.01": {
    "point": 0.7571428571428571,
    "ci": [
     0.7354285714285714,
     0.7771428571428571
    ]
   },
   "all_positives.pi_resnet.eff@0.001": {
    "point": 0.22742857142857142,
    "ci": [
     0.21085714285714285,
     0.24571428571428572
    ]
   },
   "all_positives.pi_resnet.eff@0.0001": {
    "point": 0.027428571428571427,
    "ci": [
     0.018857142857142857,
     0.038285714285714284
    ]
   },
   "all_positives.cqt_deit.eff@0.01": {
    "point": 0.43885714285714283,
    "ci": [
     0.42,
     0.4565714285714286
    ]
   },
   "all_positives.cqt_deit.eff@0.001": {
    "point": 0.09257142857142857,
    "ci": [
     0.08114285714285714,
     0.10342857142857143
    ]
   },
   "all_positives.cqt_deit.eff@0.0001": {
    "point": 0.018285714285714287,
    "ci": [
     0.012,
     0.025142857142857144
    ]
   },
   "all_positives.delta_eff@0.01": {
    "point": 0.3182857142857143,
    "ci": [
     0.2897142857142857,
     0.34800000000000003
    ]
   },
   "all_positives.delta_eff@0.001": {
    "point": 0.13485714285714287,
    "ci": [
     0.11714285714285715,
     0.15142857142857144
    ]
   },
   "all_positives.delta_eff@0.0001": {
    "point": 0.009142857142857144,
    "ci": [
     -0.0017142857142857168,
     0.02114285714285714
    ]
   },
   "detected_subset.pi_resnet.eff@0.01": {
    "point": 0.7734192037470726,
    "ci": [
     0.7507297139521307,
     0.7950675278919553
    ]
   },
   "detected_subset.pi_resnet.eff@0.001": {
    "point": 0.23302107728337237,
    "ci": [
     0.21586931155192532,
     0.25205985076587
    ]
   },
   "detected_subset.pi_resnet.eff@0.0001": {
    "point": 0.02810304449648712,
    "ci": [
     0.019332161687170474,
     0.03929618768328446
    ]
   },
   "detected_subset.cqt_deit.eff@0.01": {
    "point": 0.4490632318501171,
    "ci": [
     0.4310850439882698,
     0.4654970760233918
    ]
   },
   "detected_subset.cqt_deit.eff@0.001": {
    "point": 0.09484777517564402,
    "ci": [
     0.08318687756297598,
     0.10578609000584453
    ]
   },
   "detected_subset.cqt_deit.eff@0.0001": {
    "point": 0.01873536299765808,
    "ci": [
     0.012273524254821741,
     0.025670945157526253
    ]
   },
   "detected_subset.delta_eff@0.01": {
    "point": 0.32435597189695553,
    "ci": [
     0.2953481572147422,
     0.35459426407468364
    ]
   },
   "detected_subset.delta_eff@0.001": {
    "point": 0.13817330210772832,
    "ci": [
     0.11976683058030861,
     0.15551643192488263
    ]
   },
   "detected_subset.delta_eff@0.0001": {
    "point": 0.00936768149882904,
    "ci": [
     -0.0017584994138335266,
     0.02158693115519253
    ]
   },
   "paired_block_accuracy_difference": {
    "point": 0.08496314496314496,
    "ci": [
     0.08160066125110199,
     0.0881820372251448
    ],
    "discordant_b_pi_only": 9719,
    "discordant_c_cqt_only": 1074
   },
   "jackknife_delta_eff_1e3": {
    "values": [
     0.1326984126984127,
     0.13587301587301587,
     0.13968253968253969,
     0.13206349206349208,
     0.1365079365079365,
     0.13142857142857142,
     0.1365079365079365,
     0.1326984126984127,
     0.13968253968253969,
     0.13142857142857142
    ],
    "min": 0.13142857142857142,
    "max": 0.13968253968253969,
    "all_same_sign": true
   }
  }
 }
}