{
  "status": "complete",
  "replicates": 10000,
  "seed": 20260711,
  "common_cells": 53,
  "diagnostics": {
    "sis": {
      "n": 1647,
      "effective_sample_size": 1155.5192182996673,
      "weight_min": 0.5611168741355463,
      "weight_median": 0.9993378652776551,
      "weight_p95": 1.5321960965114492,
      "weight_max": 7.345089903181189
    },
    "pm": {
      "n": 1643,
      "effective_sample_size": 1467.5524920221146,
      "weight_min": 0.5365225298040008,
      "weight_median": 0.9545025931164545,
      "weight_p95": 1.4378883492744796,
      "weight_max": 4.59052333804809
    }
  },
  "matched_residual_gap_sis_minus_pm": {
    "pi_resnet": {
      "point": 0.2201287897457731,
      "ci": [
        0.19217709636660327,
        0.2488904042068116
      ],
      "fraction_bootstrap_gap_le_zero": 0.0
    },
    "cqt_deit": {
      "point": 0.2293651300775671,
      "ci": [
        0.20638764938913143,
        0.2519908567738066
      ],
      "fraction_bootstrap_gap_le_zero": 0.0
    }
  },
  "interpretation_rule": "SNR/y fully explains the gap only if the residual-gap interval includes zero."
}