{
  "status": "complete",
  "bootstrap_replicates": 10000,
  "results": {
    "sis": {
      "pi_resnet": {
        "target_lens": "SIS",
        "checkpoint_lens": "PM",
        "model": "pi_resnet",
        "within_auc": 0.9887691085714285,
        "cross_auc": 0.9895114628571429,
        "auc_change_cross_minus_within": 0.0007423542857143417,
        "within_ap": 0.8001166535064309,
        "cross_ap": 0.700333922840571,
        "within_threshold_1e3": 0.9981431716530528,
        "cross_threshold_1e3": 0.9999699183984226,
        "within_achieved_fpp": 0.00085,
        "cross_achieved_fpp": 0.00105,
        "within_efficiency": 0.5354285714285715,
        "cross_efficiency": 0.22057142857142858,
        "efficiency_change_cross_minus_within": -0.3148571428571429,
        "efficiency_change_ci": [
          -0.34514285714285714,
          -0.2874285714285714
        ]
      },
      "cqt_deit": {
        "target_lens": "SIS",
        "checkpoint_lens": "PM",
        "model": "cqt_deit",
        "within_auc": 0.9767040028571428,
        "cross_auc": 0.9742131742857142,
        "auc_change_cross_minus_within": -0.0024908285714285716,
        "within_ap": 0.6571786412964071,
        "cross_ap": 0.5231877024202316,
        "within_threshold_1e3": 0.9438525,
        "cross_threshold_1e3": 0.9605137,
        "within_achieved_fpp": 0.00119,
        "cross_achieved_fpp": 0.00091,
        "within_efficiency": 0.37714285714285717,
        "cross_efficiency": 0.1697142857142857,
        "efficiency_change_cross_minus_within": -0.20742857142857146,
        "efficiency_change_ci": [
          -0.22285714285714286,
          -0.19085714285714286
        ]
      }
    },
    "pm": {
      "pi_resnet": {
        "target_lens": "PM",
        "checkpoint_lens": "SIS",
        "model": "pi_resnet",
        "within_auc": 0.9852196085714287,
        "cross_auc": 0.9821073314285714,
        "auc_change_cross_minus_within": -0.0031122771428572227,
        "within_ap": 0.6877096482761245,
        "cross_ap": 0.7266843327359374,
        "within_threshold_1e3": 0.9999204273671976,
        "cross_threshold_1e3": 0.9992272228452972,
        "within_achieved_fpp": 0.00063,
        "cross_achieved_fpp": 0.00074,
        "within_efficiency": 0.22742857142857142,
        "cross_efficiency": 0.3977142857142857,
        "efficiency_change_cross_minus_within": 0.17028571428571426,
        "efficiency_change_ci": [
          0.15485714285714286,
          0.18742857142857142
        ]
      },
      "cqt_deit": {
        "target_lens": "PM",
        "checkpoint_lens": "SIS",
        "model": "cqt_deit",
        "within_auc": 0.9612417857142856,
        "cross_auc": 0.9668981514285715,
        "auc_change_cross_minus_within": 0.005656365714285849,
        "within_ap": 0.4180479638624451,
        "cross_ap": 0.5841297548821709,
        "within_threshold_1e3": 0.9609393,
        "cross_threshold_1e3": 0.9421239,
        "within_achieved_fpp": 0.00079,
        "cross_achieved_fpp": 0.00099,
        "within_efficiency": 0.09257142857142857,
        "cross_efficiency": 0.3137142857142857,
        "efficiency_change_cross_minus_within": 0.22114285714285714,
        "efficiency_change_ci": [
          0.2017142857142857,
          0.24
        ]
      }
    }
  }
}